State,University/College ,Campus,"Student
enrollment1","Violent
crime","Murder and
nonnegligent
manslaughter",Rape,Robbery,"Aggravated
assault","Property
crime",Burglary,"Larceny-
theft","Motor
vehicle
theft",Arson
ALABAMA,Alabama A&M University,,"6,681",4,0,1,0,3,71,21,50,0,0
,Auburn University,Montgomery,"6,309",0,0,0,0,0,37,13,22,2,0
,Jacksonville State University,,"11,032",5,0,2,0,3,54,16,36,2,0
,Lurleen B. Wallace Community College,,"2,419",1,0,0,1,0,0,0,0,0,0
,Southern Union State Community College,,"5,815",0,0,0,0,0,2,0,2,0,0
,Troy University,,"18,782",4,0,2,0,2,30,5,24,1,0
,University of Alabama:,Birmingham,"25,963",52,0,6,2,44,332,15,296,21,0
,,Huntsville,"11,142",1,0,1,0,0,40,2,37,1,0
,,Tuscaloosa,"42,327",12,0,3,2,7,189,20,161,8,1
,University of North Alabama,,"10,645",1,0,1,0,0,33,8,22,3,0
,University of South Alabama,,"16,101",12,0,1,2,9,57,2,49,6,1
,University of West Alabama,,"8,789",1,0,1,0,0,14,2,10,2,0
ALASKA,University of Alaska:,Anchorage,"17,368",7,0,3,0,4,60,5,47,8,2
,,Fairbanks,"10,804",5,0,2,0,3,18,0,14,4,0
ARIZONA,Arizona State University,Main Campus,"170,448",46,0,7,11,28,712,21,681,10,2
,Arizona Western College,,"12,342",0,0,0,0,0,3,1,0,2,0
,Maricopa Community College2,,,1,0,0,0,1,74,10,61,3,0
,Northern Arizona University,,"32,063",8,0,5,1,2,126,10,113,3,1
,Pima Community College,,"32,415",1,0,0,0,1,48,5,43,0,0
ARKANSAS,Arkansas State University:,Beebe,"3,724",0,0,0,0,0,0,0,0,0,0
,,Jonesboro,"18,402",6,0,3,1,2,60,8,47,5,0
,,Newport,"4,370",0,0,0,0,0,0,0,0,0,0
,Arkansas Tech University,,"10,943",4,0,2,0,2,67,3,63,1,0
,Henderson State University,,"3,315",0,0,0,0,0,12,3,9,0,0
,Northwest Arkansas Community College,,"9,792",1,0,0,0,1,0,0,0,0,0
,Southern Arkansas University,,"5,468",2,0,1,0,1,16,0,16,0,0
,Southern Arkansas University Tech,,"1,536",0,0,0,0,0,0,0,0,0,0
,University of Arkansas:,Fayetteville,"31,882",6,0,4,0,2,143,12,113,18,0
,,Little Rock,"10,391",5,1,0,1,3,42,5,36,1,0
,,Medical Sciences,"3,434",14,0,0,0,14,109,2,103,4,0
,,Monticello,"3,912",0,0,0,0,0,12,2,10,0,0
,,Pine Bluff,"2,898",2,0,0,0,2,28,1,27,0,0
,,Pulaski Technical College ,"6,404",0,0,0,0,0,7,0,7,0,0
,University of Arkansas Community College at Morrilton,,"2,508",0,0,0,0,0,4,1,3,0,0
,University of Central Arkansas,,"11,548",3,0,1,0,2,49,4,45,0,0
CALIFORNIA,Allan Hancock College,,"15,100",0,0,0,0,0,36,8,27,1,0
,California State Polytechnic University:,Humboldt,"6,615",4,0,1,2,1,70,6,63,1,4
,,Pomona,"31,117",5,0,3,2,0,189,13,170,6,0
,,San Luis Obispo,"23,187",0,0,0,0,0,159,15,102,42,5
,California State University:,Bakersfield ,"12,639",0,0,0,0,0,28,2,23,3,0
,,Channel Islands,"7,861",3,0,1,1,1,29,1,25,3,0
,,Chico,"17,049",4,0,0,0,4,122,4,114,4,1
,,Dominguez Hills,"19,500",2,0,0,1,1,51,6,38,7,0
,,East Bay,"17,465",3,0,2,0,1,50,2,38,10,0
,,Fresno,"26,981",8,0,2,0,6,211,7,186,18,1
,,Fullerton,"45,855",4,0,1,0,3,162,4,153,5,0
,,Long Beach,"43,743",12,0,3,1,8,192,12,165,15,1
,,Los Angeles,"29,819",4,0,1,1,2,113,5,83,25,1
,,Monterey Bay,"8,289",6,0,1,0,5,27,2,22,3,0
,,Northridge,"42,700",6,0,3,0,3,230,4,220,6,6
,,Sacramento,"36,505",8,0,7,1,0,192,37,123,32,2
,,San Bernardino,"21,752",14,0,4,2,8,88,2,67,19,1
,,San Jose,"40,879",29,0,3,5,21,288,20,249,19,11
,,San Marcos,"17,470",8,0,4,0,4,47,1,44,2,0
,,Stanislaus,"12,022",3,0,0,1,2,17,4,10,3,0
,Chaffey College,,"27,715",0,0,0,0,0,16,5,10,1,1
,College of the Sequoias,,"15,695",0,0,0,0,0,27,5,20,2,0
,Contra Costa Community College,,"45,303",3,0,0,0,3,78,21,45,12,0
,Cuesta College,,"13,943",0,0,0,0,0,1,0,1,0,0
,El Camino College,,"28,431",6,1,0,0,5,31,6,23,2,0
,Foothill-De Anza College,,"49,973",1,0,0,1,0,18,1,17,0,1
,Irvine Valley College,,"17,098",0,0,0,0,0,5,0,5,0,0
,Los Rios Community College,,"105,677",4,0,0,3,1,35,5,28,2,1
,Marin Community College,,"6,770",0,0,0,0,0,8,3,4,1,0
,MiraCosta College,,"16,847",1,0,1,0,0,10,1,9,0,0
,Mt. San Jacinto College,,"19,567",0,0,0,0,0,14,3,8,3,0
,Pasadena Community College,,"31,175",2,0,0,0,2,54,3,42,9,0
,Riverside Community College,,"53,049",2,0,0,2,0,31,4,23,4,0
,San Bernardino Community College,,"22,939",3,0,0,1,2,47,11,35,1,0
,San Diego Community College,,"72,038",11,0,2,0,9,34,1,32,1,1
,San Diego State University,,"39,053",26,0,9,3,14,300,19,266,15,2
,San Francisco State University,,"30,339",11,0,4,4,3,131,2,113,16,1
,San Joaquin Delta College,,"23,945",4,0,0,1,3,35,4,29,2,13
,San Jose/Evergreen Community College,,"24,322",2,0,0,0,2,20,7,13,0,3
,Sonoma County Junior College,,"23,100",4,0,3,0,1,24,3,20,1,0
,Sonoma State University,,"8,173",3,0,2,0,1,46,6,40,0,0
,State Center Community College District,,"57,197",3,0,0,0,3,96,16,71,9,2
,University of California:,Berkeley,"47,911",74,0,9,14,51,"1,150",69,567,514,15
,,Davis,"42,855",19,0,8,3,8,853,93,606,154,8
,,Irvine,"38,705",9,0,7,0,2,486,16,455,15,1
,,Los Angeles,"48,638",78,0,15,10,53,895,132,434,329,11
,,"Medical Center, Sacramento2",,9,0,1,0,8,108,5,94,9,3
,,Merced,"9,593",6,0,2,0,4,48,1,42,5,1
,,Riverside,"28,930",8,0,5,1,2,421,30,334,57,0
,,San Diego,"44,132",10,0,2,1,7,890,31,438,421,6
,,San Francisco,"3,286",17,0,1,4,12,316,48,211,57,2
,,Santa Barbara,"28,256",32,0,19,0,13,455,23,382,50,4
,,Santa Cruz,"21,432",7,0,4,0,3,211,4,202,5,2
,Ventura County Community College District ,,"46,678",4,0,0,1,3,40,15,19,6,0
,West Valley-Mission College,,"20,535",1,0,0,0,1,18,5,13,0,0
COLORADO,Adams State University,,"3,833",4,0,2,0,2,37,3,33,1,0
,Auraria Higher Education Center2,,,2,0,2,0,0,56,5,44,7,1
,Colorado School of Mines,,"7,789",1,0,0,0,1,96,4,89,3,0
,Colorado State University,Fort Collins,"36,664",13,0,4,4,5,356,14,330,12,3
,Fort Lewis College,,"3,983",2,0,2,0,0,22,3,19,0,0
,Red Rocks Community College,,"9,917",0,0,0,0,0,11,2,6,3,0
,University of Colorado:,Boulder,"43,746",14,0,6,1,7,499,52,437,10,11
,,Colorado Springs,"15,264",6,0,3,0,3,88,2,80,6,0
,,Denver,"29,833",2,0,1,1,0,148,2,50,96,0
,University of Northern Colorado,,"12,017",1,0,1,0,0,141,3,127,11,0
CONNECTICUT,Central Connecticut State University,,"11,260",3,0,3,0,0,38,6,31,1,0
,Eastern Connecticut State University,,"4,736",1,0,1,0,0,3,0,3,0,0
,Southern Connecticut State University,,"10,270",0,0,0,0,0,19,0,13,6,0
,University of Connecticut,All Campuses2,,6,0,3,2,1,133,13,86,34,3
,Western Connecticut State University,,"5,567",0,0,0,0,0,4,0,4,0,0
,Yale University,,"15,828",7,0,2,1,4,294,24,217,53,2
DELAWARE,Delaware State University,,"5,770",15,0,5,1,9,81,12,67,2,1
,University of Delaware,,"25,903",5,0,3,0,2,140,9,122,9,2
FLORIDA3,Florida A&M University,,"10,142",3,0,1,0,2,19,9,10,0,0
,Florida Atlantic University,,"36,580",3,0,2,0,1,73,5,55,13,0
,Florida International University,,"71,842",8,0,4,1,3,160,13,147,0,0
,Florida Polytechnic University,,"1,644",0,0,0,0,0,3,0,3,0,0
,Florida State University:,Panama City2,,0,0,0,0,0,3,1,2,0,0
,,Tallahassee,"51,109",18,0,9,3,6,226,46,180,0,2
,New College of Florida,,690,2,0,0,0,2,21,2,19,0,0
,Santa Fe College,,"17,038",0,0,0,0,0,10,1,9,0,0
,University of Central Florida,,"82,075",13,1,4,3,5,154,12,122,20,0
,University of Florida,,"62,839",12,0,5,1,6,237,15,222,0,0
,University of North Florida,,"19,743",7,0,3,2,2,71,2,59,10,0
,University of West Florida,,"16,786",2,0,2,0,0,27,1,26,0,0
GEORGIA,Abraham Baldwin Agricultural College,,"4,506",2,0,2,0,0,12,0,11,1,0
,Albany Technical College,,"3,764",0,0,0,0,0,0,0,0,0,0
,Athens Technical College,,"5,404",0,0,0,0,0,0,0,0,0,0
,Augusta Technical College,,"5,404",0,0,0,0,0,2,0,2,0,0
,Augusta University,,"10,103",2,0,1,0,1,126,9,109,8,0
,Berry College,,"2,467",1,0,1,0,0,9,1,8,0,0
,Chattahoochee Technical College,,"12,892",0,0,0,0,0,3,0,3,0,0
,Clayton State University,,"8,179",3,0,2,0,1,26,2,16,8,0
,Emory University,,"16,112",14,0,7,2,5,283,23,251,9,0
,Fort Valley State University,,"3,083",1,0,1,0,0,23,1,19,3,0
,Georgia College and State University,,"7,823",1,0,1,0,0,25,2,19,4,0
,Georgia Gwinnett College,,"13,485",5,0,2,1,2,32,0,32,0,0
,Georgia Highlands College,,"6,759",0,0,0,0,0,1,0,1,0,0
,Georgia Institute of Technology,,"52,051",8,0,3,1,4,346,28,218,100,3
,Georgia Military College,,"11,895",0,0,0,0,0,0,0,0,0,0
,Georgia Northwestern Technical College,,"8,484",0,0,0,0,0,1,0,1,0,0
,Georgia Piedmont Technical College,,"3,811",0,0,0,0,0,5,0,4,1,2
,Georgia Southern University,,"31,296",3,0,2,1,0,84,4,75,5,0
,Georgia Southwestern State University,,"3,893",0,0,0,0,0,1,0,1,0,0
,Georgia State University,,"43,099",7,0,3,1,3,159,8,142,9,0
,Gordon State College,,"3,680",2,0,1,0,1,8,3,3,2,0
,Gwinnett Technical College,,"11,022",0,0,0,0,0,0,0,0,0,0
,Kennesaw State University,,"49,988",3,0,2,1,0,66,5,57,4,0
,Mercer University,,"10,454",2,0,1,1,0,65,0,59,6,0
,Middle Georgia State University,,"9,816",1,0,1,0,0,27,2,22,3,0
,Morehouse College,,"2,924",1,0,1,0,0,25,3,21,1,0
,Piedmont College ,,"2,632",0,0,0,0,0,0,0,0,0,0
,Southern Regional Technical College,,"5,923",0,0,0,0,0,0,0,0,0,0
,University of North Georgia,,"22,132",1,0,1,0,0,10,4,6,0,0
,University of West Georgia,,"15,339",1,0,1,0,0,31,1,30,0,0
,West Georgia Technical College,,"9,047",0,0,0,0,0,7,1,6,0,0
ILLINOIS,Chicago State University,,"3,050",1,0,1,0,0,5,1,4,0,0
,College of DuPage,,"35,659",0,0,0,0,0,8,1,7,0,0
,College of Lake County,,"20,056",0,0,0,0,0,8,0,8,0,0
,Eastern Illinois University,,"10,588",5,0,4,1,0,39,2,33,4,0
,Elgin Community College,,"12,559",0,0,0,0,0,0,0,0,0,0
,Eureka College,,540,0,0,0,0,0,0,0,0,0,0
,Harper College,,"21,370",0,0,0,0,0,15,0,15,0,0
,Illinois Central College,,"10,381",0,0,0,0,0,12,0,12,0,0
,Illinois State University,,"22,159",5,0,5,0,0,100,3,96,1,0
,John Wood Community College,,"2,489",0,0,0,0,0,0,0,0,0,0
,Joliet Junior College,,"20,068",1,0,1,0,0,11,0,11,0,0
,Kankakee Community College,,"3,654",0,0,0,0,0,0,0,0,0,0
,Lake Land College,,"8,533",1,0,0,0,1,1,1,0,0,0
,Lewis University,,"7,779",1,0,1,0,0,19,1,18,0,0
,Lincoln Land Community College,,"8,495",0,0,0,0,0,1,0,1,0,0
,Loyola University of Chicago,,"19,998",1,0,1,0,0,48,0,48,0,0
,McHenry County College,,"12,879",0,0,0,0,0,1,0,1,0,0
,Millikin University,,"2,124",0,0,0,0,0,15,0,15,0,0
,Moraine Valley Community College,,"17,409",0,0,0,0,0,2,0,2,0,0
,Morton College,,"5,414",0,0,0,0,0,3,0,3,0,0
,Northeastern Illinois University,,"7,862",0,0,0,0,0,1,0,1,0,0
,Northern Illinois University,,"18,324",21,0,16,1,4,112,12,98,2,1
,Oakton Community College,,"13,820",0,0,0,0,0,1,0,1,0,0
,Parkland College,,"8,533",0,0,0,0,0,3,0,3,0,0
,Rend Lake College,,"3,279",0,0,0,0,0,0,0,0,0,0
,Richland Community College,,"3,488",0,0,0,0,0,1,0,1,0,0
,Rock Valley College,,"9,175",0,0,0,0,0,6,0,5,1,0
,Southern Illinois University:,Carbondale,"12,543",1,0,0,0,1,98,1,96,1,0
,,School of Medicine2,,1,0,0,0,1,8,0,8,0,0
,South Suburban College,,"7,638",1,0,1,0,0,8,0,7,1,0
,Southwestern Illinois College,,"14,474",1,0,0,1,0,10,4,6,0,0
,University of Chicago,Cook County,"20,814",6,0,0,5,1,78,2,60,16,0
,University of Illinois:,Chicago,"37,397",14,0,3,2,9,324,18,293,13,1
,,Springfield,"4,895",2,0,2,0,0,4,0,4,0,0
,,Urbana,"62,303",91,0,15,7,69,827,109,606,112,4
,Waubonsee Community College,,"13,675",0,0,0,0,0,0,0,0,0,0
INDIANA,Indiana State University,,"10,788",4,0,2,0,2,70,3,63,4,0
,Indiana University:,Bloomington,"59,231",52,0,22,4,26,340,33,287,20,3
,,South Bend,"7,568",1,0,0,0,1,29,3,25,1,0
,Purdue University,,"54,814",8,0,1,0,7,377,9,361,7,1
,University of Indianapolis,,"5,851",0,0,0,0,0,41,6,28,7,0
,University of Notre Dame,,"13,687",4,0,0,0,4,263,3,252,8,0
IOWA,Iowa State University,,"33,010",11,0,7,0,4,96,4,85,7,0
,University of Iowa,,"32,818",26,0,5,2,19,206,15,172,19,3
,University of Northern Iowa,,"10,517",3,0,1,1,1,27,4,23,0,0
KANSAS,University of Kansas:,Main Campus,"29,301",4,0,1,1,2,154,5,145,4,0
,,Medical Center2,,22,0,0,1,21,266,1,235,30,0
,Washburn University,,"6,507",1,0,0,0,1,61,5,51,5,0
KENTUCKY,Eastern Kentucky University,,"16,584",7,0,6,0,1,80,14,66,0,0
,Kentucky State University,,"2,981",0,0,0,0,0,0,0,0,0,0
,Morehead State University,,"10,158",3,0,2,0,1,18,0,16,2,0
,Murray State University,,"10,885",1,0,1,0,0,44,2,41,1,0
,Northern Kentucky University,,"19,380",3,0,2,0,1,29,2,27,0,0
,University of Kentucky,,"32,909",19,0,4,4,11,419,13,372,34,0
,University of Louisville,,"26,161",8,0,3,2,3,229,20,175,34,1
,Western Kentucky University,,"19,768",5,0,3,0,2,91,6,84,1,0
LOUISIANA,Louisiana State University:,Baton Rouge,"39,475",21,0,7,3,11,335,76,221,38,0
,,"Health Sciences Center, Shreveport","1,179",7,0,1,1,5,19,0,16,3,0
,Southern University and A&M College,New Orleans,"2,746",0,0,0,0,0,0,0,0,0,0
,Tulane University,,"15,270",1,0,0,1,0,120,10,103,7,1
MAINE,University of Maine:,Farmington,"2,259",0,0,0,0,0,6,0,5,1,1
,,Orono,"15,005",0,0,0,0,0,62,3,59,0,0
,University of Southern Maine,,"10,236",0,0,0,0,0,29,2,27,0,1
MARYLAND,Bowie State University,,"6,960",12,0,0,3,9,40,4,33,3,0
,Coppin State University,,"2,326",0,0,0,0,0,1,0,1,0,0
,Frostburg State University,,"4,959",4,0,4,0,0,11,5,6,0,0
,Hagerstown Community College,,"4,871",0,0,0,0,0,3,2,1,0,0
,Morgan State University,,"9,224",39,0,5,3,31,45,1,39,5,0
,Salisbury University,,"8,133",2,0,1,1,0,26,1,25,0,0
,St. Mary's College,,"1,629",0,0,0,0,0,27,3,23,1,0
,Towson University,,"23,202",14,0,6,2,6,51,4,44,3,1
,University of Maryland:,Baltimore City,"8,094",9,0,0,2,7,63,2,47,14,0
,,Baltimore County,"15,492",3,0,3,0,0,75,8,49,18,0
,,College Park,"42,195",13,0,2,3,8,421,20,367,34,1
MASSACHUSETTS,Amherst College,,"2,041",0,0,0,0,0,0,0,0,0,0
,Assumption College,,"2,446",2,0,1,0,1,19,3,16,0,0
,Babson College,,"4,256",1,0,1,0,0,24,2,22,0,0
,Bentley University,,"5,458",0,0,0,0,0,20,1,19,0,0
,Boston College,,"16,849",5,0,5,0,0,63,0,62,1,0
,Boston University,,"43,952",10,0,3,1,6,408,10,398,0,0
,Brandeis University,,"6,026",2,0,0,1,1,22,2,20,0,0
,Bridgewater State University,,"11,696",3,0,0,0,3,9,0,8,1,0
,Bristol Community College,,"8,201",0,0,0,0,0,1,0,1,0,0
,Bunker Hill Community College,,"13,498",0,0,0,0,0,6,0,4,2,0
,Cape Cod Community College,,"3,828",0,0,0,0,0,1,0,1,0,0
,Clark University,,"3,842",8,0,2,3,3,26,2,24,0,0
,College of the Holy Cross,,"3,323",1,0,1,0,0,13,2,9,2,2
,Curry College,,"2,609",0,0,0,0,0,13,3,10,0,0
,Dean College,,"1,370",0,0,0,0,0,6,1,5,0,0
,Emerson College,,"6,368",0,0,0,0,0,14,0,14,0,1
,Endicott College,,"4,851",3,0,2,0,1,7,0,7,0,0
,Fisher College,,"2,390",0,0,0,0,0,3,0,3,0,0
,Fitchburg State University,,"10,164",2,0,2,0,0,31,6,24,1,0
,Framingham State University,,"6,667",1,0,0,0,1,9,0,9,0,0
,Gordon College,,"2,233",1,0,1,0,0,19,0,19,0,0
,Greenfield Community College,,"2,042",0,0,0,0,0,0,0,0,0,0
,Harvard University,,"39,374",22,0,8,2,12,534,28,366,140,2
,Holyoke Community College,,"4,913",1,0,0,0,1,2,0,2,0,0
,Lasell College,,"2,057",1,0,0,0,1,6,0,6,0,0
,Massachusetts Bay Community College,,"5,733",0,0,0,0,0,0,0,0,0,0
,Massachusetts College of Art,,"2,164",1,0,1,0,0,14,2,12,0,0
,Massachusetts College of Liberal Arts,,"1,299",1,0,0,0,1,5,0,5,0,0
,Massachusetts Institute of Technology,,"12,923",2,0,1,0,1,238,16,221,1,0
,Massasoit Community College,,"8,032",0,0,0,0,0,3,1,2,0,0
,MCPHS University,,"7,965",0,0,0,0,0,11,1,10,0,0
,Merrimack College,,"6,665",7,0,3,0,4,13,2,11,0,0
,Mount Holyoke College,,"2,600",0,0,0,0,0,30,0,30,0,0
,Mount Wachusett Community College,,"4,219",0,0,0,0,0,2,0,2,0,0
,Northeastern University,,"37,702",9,0,8,0,1,320,11,307,2,1
,North Shore Community College,,"6,652",0,0,0,0,0,7,2,5,0,0
,Quinsigamond Community College,,"8,635",1,0,0,0,1,8,1,7,0,0
,Salem State University,,"8,470",3,0,1,0,2,24,4,20,0,0
,Simmons College,,"6,957",0,0,0,0,0,10,0,10,0,0
,Smith College,,"3,265",0,0,0,0,0,0,0,0,0,0
,Springfield College,,"3,135",1,0,1,0,0,10,0,3,7,0
,Springfield Technical Community College,,"5,373",0,0,0,0,0,7,0,7,0,0
,Stonehill College,,"2,531",3,0,1,0,2,6,0,6,0,0
,Tufts University:,Medford,"15,523",1,0,0,0,1,21,2,19,0,0
,,Suffolk2,,1,0,0,0,1,10,0,10,0,0
,,Worcester2,,0,0,0,0,0,3,0,3,0,0
,University of Massachusetts:,Amherst,"36,872",13,0,4,1,8,145,12,133,0,0
,,Dartmouth,"8,837",8,0,5,0,3,35,3,32,0,2
,,"Harbor Campus, Boston","18,901",2,0,0,0,2,18,1,16,1,0
,,Lowell,"21,543",4,0,3,0,1,110,16,93,1,0
,,"Medical Center, Worcester","1,335",12,0,0,0,12,33,2,28,3,0
,Wellesley College,,"2,548",0,0,0,0,0,1,0,1,0,0
,Wentworth Institute of Technology,,"4,930",3,0,2,0,1,42,2,34,6,0
,Western New England University,,"4,034",1,0,1,0,0,15,6,9,0,0
,Westfield State University,,"5,478",7,0,5,0,2,16,2,12,2,0
,Wheaton College,,"1,781",0,0,0,0,0,6,4,2,0,0
,Worcester Polytechnic Institute,,"7,761",4,0,0,0,4,27,4,23,0,0
,Worcester State University,,"7,284",5,1,1,0,3,18,3,15,0,0
MICHIGAN,Delta College,,"9,360",0,0,0,0,0,4,0,4,0,0
,Eastern Michigan University,,"19,081",21,0,8,0,13,94,5,86,3,0
,Grand Rapids Community College,,"18,247",0,0,0,0,0,17,2,14,1,0
,Grand Valley State University,,"25,460",17,0,7,0,10,126,7,116,3,0
,Kalamazoo Valley Community College,,"10,250",0,0,0,0,0,11,0,11,0,0
,Kellogg Community College,,"4,813",6,0,0,0,6,1,0,0,1,0
,Lansing Community College,,"14,324",0,0,0,0,0,15,0,15,0,0
,Macomb Community College,,"23,559",0,0,0,0,0,8,0,8,0,0
,Michigan State University,,"53,948",20,3,4,3,10,469,14,425,30,0
,Michigan Technological University,,"7,402",0,0,0,0,0,30,1,29,0,0
,Mott Community College,,"8,337",0,0,0,0,0,6,0,6,0,0
,Northern Michigan University,,"8,042",7,0,6,0,1,18,0,17,1,0
,Oakland Community College,,"22,047",0,0,0,0,0,7,0,7,0,0
,Oakland University,,"19,831",2,0,1,1,0,28,1,26,1,0
,Saginaw Valley State University,,"8,256",7,0,2,0,5,29,6,23,0,0
,Schoolcraft College,,"13,344",0,0,0,0,0,8,0,7,1,0
,University of Michigan:,Ann Arbor,"52,356",30,0,6,1,23,506,13,470,23,1
,,Dearborn,"9,651",1,0,0,0,1,10,0,10,0,0
,,Flint,"7,471",4,0,0,0,4,55,2,48,5,0
,Washtenaw Community College,,"19,343",1,0,0,0,1,15,0,14,1,0
,Western Michigan University,,"20,232",6,0,2,0,4,102,0,96,6,1
MINNESOTA,University of Minnesota:,Duluth,"10,708",2,0,0,0,2,24,4,20,0,0
,,Morris,"1,372",0,0,0,0,0,10,0,10,0,0
,,Twin Cities,"60,763",24,0,7,6,11,462,29,380,53,1
MISSISSIPPI,East Mississippi Community College:,Communiversity2,,0,0,0,0,0,0,0,0,0,0
,,Golden Triangle2,,0,0,0,0,0,0,0,0,0,0
,,Scooba ,"5,481",0,0,0,0,0,0,0,0,0,0
,,West Point2,,0,0,0,0,0,0,0,0,0,0
,Holmes Community College:,Goodman,"5,145",0,0,0,0,0,3,0,2,1,0
,,Grenada2,,0,0,0,0,0,0,0,0,0,0
,,Ridgeland2,,0,0,0,0,0,0,0,0,0,0
,Jones County Junior College,,"5,809",0,0,0,0,0,2,0,2,0,0
,Mississippi Delta Community College,,"3,064",0,0,0,0,0,0,0,0,0,0
,Mississippi State University,,"25,666",5,0,2,0,3,53,3,47,3,0
,Northeast Mississippi Community College,,"3,970",0,0,0,0,0,6,1,5,0,1
,Northwest Mississippi Community College:,Desoto2,,0,0,0,0,0,0,0,0,0,0
,,Senatobia,"9,175",0,0,0,0,0,4,0,3,1,0
,Pearl River Community College:,Forrest,"6,948",0,0,0,0,0,0,0,0,0,0
,,Poplarville2,,2,0,0,0,2,1,0,1,0,0
,University of Mississippi,Oxford,"23,679",6,0,3,1,2,70,8,59,3,1
MISSOURI,Jefferson College,,"4,479",0,0,0,0,0,0,0,0,0,0
,Metropolitan Community College,,"18,284",0,0,0,0,0,37,1,26,10,0
,Missouri Southern State University,,"5,219",2,0,2,0,0,27,0,26,1,0
,Missouri University of Science and Technology,,"7,812",0,0,0,0,0,51,1,46,4,1
,Northwest Missouri State University,,"9,761",4,0,3,0,1,20,0,20,0,0
,Southeast Missouri State University,,"11,221",5,0,2,0,3,26,3,21,2,0
,St. Charles Community College,,"8,226",0,0,0,0,0,0,0,0,0,0
,St. Louis Community College,Meramec,"22,035",0,0,0,0,0,24,0,22,2,0
,Truman State University,,"4,524",0,0,0,0,0,34,1,32,1,0
,University of Central Missouri,,"15,077",4,0,1,1,2,30,3,23,4,0
,University of Missouri:,Columbia,"34,122",17,0,9,0,8,200,7,181,12,1
,,Kansas City,"18,325",3,0,0,1,2,69,9,39,21,0
,Washington University,,"18,783",0,0,0,0,0,89,1,82,6,0
MONTANA,Montana State University,,"18,880",3,0,1,0,2,137,2,134,1,2
,Montana State University,Billings,"5,403",1,0,1,0,0,20,2,18,0,0
,University of Montana,,"12,318",7,0,1,0,6,93,0,87,6,0
NEBRASKA,Metropolitan Community College,Douglas County,"20,852",0,0,0,0,0,32,2,29,1,0
,University of Nebraska:,Kearney,"7,567",2,0,1,0,1,28,2,26,0,0
,,Lincoln,"26,722",10,0,6,1,3,128,4,117,7,0
,,Omaha,"18,020",5,0,2,2,1,128,0,114,14,0
NEVADA,University of Nevada,Reno,"23,185",5,0,3,0,2,235,7,209,19,0
NEW HAMPSHIRE,Plymouth State University,,"4,706",0,0,0,0,0,24,0,24,0,0
,University of New Hampshire,,"15,134",2,0,2,0,0,70,8,60,2,0
NEW JERSEY,Monmouth University,,"6,034",0,0,0,0,0,9,0,4,5,0
,New Jersey Institute of Technology,,"13,649",5,0,2,1,2,76,6,59,11,0
,Princeton University,,"8,631",2,0,1,0,1,206,9,163,34,0
,Rowan University,,"22,080",8,0,1,0,7,83,2,81,0,0
,Rutgers University:,Camden,"7,470",9,0,0,2,7,60,0,58,2,0
,,Newark,"14,168",10,0,1,5,4,159,6,124,29,0
,,New Brunswick,"56,603",21,0,10,3,8,307,37,265,5,1
,Stevens Institute of Technology,,"9,111",0,0,0,0,0,19,1,18,0,0
,Stockton University,,"11,602",2,0,2,0,0,41,0,40,1,0
,The College of New Jersey,,"8,566",1,0,1,0,0,34,4,28,2,0
NEW MEXICO,New Mexico Institute of Mining and Technology,,"2,000",0,0,0,0,0,26,4,21,1,0
,New Mexico State University,,"15,892",10,0,3,0,7,167,13,132,22,2
,University of New Mexico,,"23,914",45,0,5,3,37,484,35,370,79,3
NEW YORK,Cornell University,,"26,304",3,0,3,0,0,249,16,233,0,9
,Ithaca College,,"5,679",5,0,5,0,0,72,9,63,0,0
,State University of New York Police:,Albany,"19,585",3,0,0,0,3,119,3,115,1,0
,,Alfred,"3,796",6,0,3,0,3,25,0,25,0,0
,,Binghamton,"19,938",2,0,2,0,0,141,4,137,0,0
,,Brockport,"8,150",0,0,0,0,0,21,2,18,1,0
,,Buffalo,"35,908",4,0,2,0,2,197,10,172,15,2
,,Buffalo State College,"8,231",4,0,2,0,2,108,6,84,18,1
,,Canton,"4,151",1,0,1,0,0,9,1,8,0,0
,,Cobleskill,"2,067",1,0,1,0,0,6,0,6,0,0
,,Cortland,"7,626",1,0,1,0,0,38,4,34,0,0
,,Delhi,"2,980",0,0,0,0,0,19,2,17,0,0
,,Downstate Medical ,"2,522",2,0,0,0,2,27,0,27,0,0
,,Environmental Science ,"2,214",0,0,0,0,0,16,0,16,0,0
,,Geneseo,"4,941",3,0,2,0,1,42,1,41,0,0
,,Maritime ,"1,895",0,0,0,0,0,4,1,3,0,0
,,New Paltz,"8,168",1,0,0,0,1,29,0,29,0,0
,,Old Westbury,"5,407",2,0,1,0,1,24,5,18,1,0
,,Oneonta,"6,354",0,0,0,0,0,33,0,32,1,1
,,Optometry,409,0,0,0,0,0,1,0,1,0,0
,,Oswego,"8,104",2,0,1,0,1,50,3,47,0,0
,,Plattsburgh,"5,461",1,0,1,0,0,41,0,41,0,0
,,Potsdam,"2,978",0,0,0,0,0,13,0,13,0,0
,,Upstate Medical,"1,637",6,0,1,1,4,82,2,73,7,0
NORTH CAROLINA,Duke University,,"18,357",4,0,0,1,3,396,11,362,23,0
,East Carolina University,,"31,263",5,0,5,0,0,169,9,160,0,0
,Elon University,,"7,446",5,0,3,0,2,24,3,20,1,0
,Fayetteville State University,,"8,294",5,0,2,1,2,15,3,9,3,0
,Methodist University,,"2,077",2,0,2,0,0,20,6,12,2,0
,North Carolina Agricultural and Technical State University,,"14,642",12,0,5,2,5,101,18,79,4,0
,North Carolina Central University,,"8,824",8,0,5,0,3,60,8,43,9,0
,North Carolina State University,Raleigh,"40,469",11,0,3,0,8,232,35,189,8,1
,University of North Carolina:,Asheville,"3,698",2,0,1,0,1,21,5,15,1,0
,,Chapel Hill,"34,015",12,1,4,2,5,288,13,207,68,0
,,Charlotte,"33,944",4,0,1,1,2,175,0,168,7,0
,,Greensboro,"20,975",10,0,6,1,3,127,5,116,6,0
,,Pembroke,"9,949",1,0,1,0,0,34,9,22,3,0
,Western Carolina University,,"13,551",11,0,9,1,1,65,17,48,0,3
NORTH DAKOTA,Bismarck State College,,"4,609",0,0,0,0,0,9,0,9,0,0
,North Dakota State College of Science,,"3,456",1,0,1,0,0,8,0,8,0,0
,North Dakota State University,,"13,753",6,0,5,0,1,109,3,103,3,0
,University of North Dakota,,"16,981",2,0,1,0,1,65,8,57,0,0
OHIO,Bowling Green State University,,"20,707",2,0,1,1,0,71,4,61,6,0
,Capital University,,"4,028",1,0,0,0,1,16,6,10,0,1
,Columbus State Community College,,"42,083",0,0,0,0,0,37,0,25,12,0
,Kent State University,,"30,961",6,0,3,0,3,134,1,133,0,0
,Ohio State University,Columbus,"66,817",27,0,6,6,15,626,34,496,96,3
,Ohio University,,"28,464",5,0,3,0,2,91,9,74,8,1
,University of Akron,,"16,571",4,0,3,1,0,63,1,53,9,0
,University of Cincinnati,,"47,930",11,0,6,0,5,200,21,141,38,0
,University of Toledo,,"18,845",4,0,1,1,2,93,3,79,11,0
OKLAHOMA,Cameron University,,"4,253",0,0,0,0,0,5,0,5,0,0
,Carl Albert State College:,Poteau,"2,218",1,0,1,0,0,3,1,1,1,0
,,Sallisaw2,,0,0,0,0,0,0,0,0,0,0
,East Central University,,"4,142",0,0,0,0,0,10,1,9,0,0
,Eastern Oklahoma State College,,"1,668",0,0,0,0,0,1,1,0,0,0
,Langston University,,"2,186",3,0,1,0,2,36,4,31,1,0
,Northeastern Oklahoma A&M College,,"2,228",0,0,0,0,0,1,0,1,0,0
,Northeastern State University,Tahlequah,"8,388",3,0,0,0,3,11,1,6,4,0
,Northwestern Oklahoma State University,,"2,168",1,0,1,0,0,0,0,0,0,0
,Oklahoma City Community College,,"16,315",1,0,0,1,0,9,0,9,0,0
,Oklahoma City University,,"2,912",0,0,0,0,0,26,8,18,0,0
,Oklahoma Panhandle State University,,"1,675",1,0,0,0,1,1,0,1,0,0
,Oklahoma State University:,Main Campus,"27,223",10,0,5,1,4,127,18,105,4,0
,,Okmulgee,"3,012",0,0,0,0,0,20,0,18,2,0
,,Tulsa,"1,474",0,0,0,0,0,2,1,0,1,0
,Rogers State University,,"3,854",1,0,0,0,1,1,0,1,0,0
,Seminole State College,,"1,951",2,0,1,0,1,1,0,1,0,0
,Southeastern Oklahoma State University,,"7,251",0,0,0,0,0,6,3,3,0,0
,Southern Nazarene University,,"2,819",0,0,0,0,0,5,1,4,0,0
,Southwestern Oklahoma State University,,"5,647",0,0,0,0,0,3,0,3,0,0
,Tulsa Community College,,"20,199",1,0,0,0,1,18,1,16,1,1
,University of Central Oklahoma,,"15,469",1,0,1,0,0,22,3,19,0,0
,University of Oklahoma:,Health Sciences Center,"3,452",4,0,1,1,2,95,2,84,9,1
,,Norman,"31,604",2,0,1,0,1,224,11,182,31,0
OREGON,Oregon State University,,"39,950",1,0,0,1,0,288,13,267,8,2
,Portland State University,,"27,510",7,0,1,3,3,253,46,177,30,2
PENNSYLVANIA,Albright University,,"1,863",2,0,1,1,0,6,1,3,2,0
,Allegheny College,,"1,682",0,0,0,0,0,12,1,11,0,0
,Allegheny County Community College,,"18,819",0,0,0,0,0,0,0,0,0,0
,Bucknell University,,"3,847",5,0,5,0,0,56,0,56,0,0
,Butler County Community College,,"3,442",0,0,0,0,0,1,0,1,0,0
,California University2,,,0,0,0,0,0,5,0,5,0,0
,Carlow University,,"2,345",0,0,0,0,0,0,0,0,0,0
,Chatham University,,"2,786",0,0,0,0,0,0,0,0,0,0
,DeSales University ,,"3,988",0,0,0,0,0,0,0,0,0,0
,Drexel University ,,"26,386",37,0,6,20,11,355,16,265,74,0
,Duquesne University,,"9,161",3,0,1,0,2,38,1,37,0,0
,East Stroudsburg University,,"5,853",4,0,0,1,3,46,0,46,0,1
,Franklin and Marshall College,,"2,198",7,0,4,0,3,29,3,24,2,0
,Gannon University,,"5,202",0,0,0,0,0,12,1,11,0,0
,Indiana University,Punxsutawney2,,0,0,0,0,0,0,0,0,0,0
,Juniata College,,"1,398",0,0,0,0,0,3,0,3,0,0
,Lackawanna College,Scranton,"4,239",0,0,0,0,0,0,0,0,0,0
,Lafayette College ,,"2,762",0,0,0,0,0,35,9,25,1,0
,Lehigh University,,"7,696",5,0,2,1,2,71,5,66,0,0
,Lincoln University,,"2,051",7,0,1,0,6,12,4,8,0,0
,Lock Haven University2,,,2,0,2,0,0,13,3,9,1,0
,Luzerne County Community College,,"6,306",0,0,0,0,0,0,0,0,0,0
,Mansfield University2,,,0,0,0,0,0,4,0,4,0,0
,Mercyhurst University ,,"3,520",2,0,1,0,1,17,0,17,0,0
,Moravian College,,"2,957",0,0,0,0,0,24,6,18,0,0
,Mount Aloysius University ,,"2,924",0,0,0,0,0,0,0,0,0,0
,Pennsylvania College of Technology,,"4,516",5,0,2,2,1,50,3,46,1,0
,Pennsylvania State University:,Carlisle2,,0,0,0,0,0,0,0,0,0,0
,,Fayette,559,0,0,0,0,0,0,0,0,0,0
,,New Kensington,597,0,0,0,0,0,2,0,2,0,0
,,York,829,1,0,0,1,0,1,0,1,0,0
,Point Park University,,"4,171",1,0,0,0,1,0,0,0,0,0
,Robert Morris University,,"5,387",0,0,0,0,0,0,0,0,0,0
,Saint Francis University,,"3,413",2,0,2,0,0,6,1,5,0,0
,Temple University,,"38,470",29,0,1,18,10,224,6,199,19,1
,Thiel College,,882,2,0,2,0,0,1,0,1,0,0
,University of Pittsburgh:,Bradford,"2,266",1,0,1,0,0,0,0,0,0,0
,,Greensburg,"1,475",0,0,0,0,0,5,1,4,0,0
,,Pittsburgh,"36,128",4,0,1,1,2,103,0,102,1,0
,University of Scranton,,"5,183",4,0,3,0,1,36,0,35,1,0
,Villanova University,,"12,034",11,0,9,0,2,57,5,52,0,0
,Wilkes University,,"7,263",1,0,1,0,0,11,0,11,0,0
RHODE ISLAND,Brown University,,"11,151",0,0,0,0,0,93,7,62,24,0
,University of Rhode Island,,"20,793",2,0,0,0,2,43,5,38,0,0
SOUTH CAROLINA,Clemson University,,"30,368",7,0,1,0,6,146,8,120,18,1
,Coastal Carolina University,,"11,562",10,0,8,0,2,90,3,84,3,0
,College of Charleston,,"12,549",1,0,1,0,0,35,4,30,1,0
,Francis Marion University,,"4,501",5,0,3,0,2,10,2,8,0,0
,Lander University,,"4,369",3,0,2,0,1,20,1,19,0,0
,Medical University of South Carolina,,"3,756",9,0,1,2,6,88,3,81,4,0
,University of South Carolina:,Beaufort,"2,474",0,0,0,0,0,8,0,8,0,0
,,Columbia,"38,614",3,0,2,0,1,136,15,109,12,1
,,Upstate,"6,590",1,0,1,0,0,9,0,9,0,0
,Winthrop University,,"6,071",1,0,0,0,1,20,0,19,1,0
,York Technical College,,"5,548",0,0,0,0,0,0,0,0,0,0
SOUTH DAKOTA,South Dakota State University,,"13,726",0,0,0,0,0,28,0,25,3,0
TENNESSEE,East Tennessee State University,,"15,096",6,0,1,0,5,63,7,55,1,0
,Middle Tennessee State University,,"28,573",3,0,2,1,0,66,0,65,1,0
,Tennessee State University,,"8,976",1,0,0,0,1,29,4,24,1,0
,Tennessee Technological University,,"10,804",1,0,1,0,0,36,1,33,2,0
,University of Memphis,,"25,394",13,0,2,3,8,183,7,104,72,0
,University of Tennessee:,Chattanooga,"12,384",1,0,0,1,0,102,6,93,3,1
,,Knoxville,"34,640",4,0,2,0,2,93,15,71,7,0
,,Martin,"7,803",3,0,2,0,1,22,1,20,1,0
,University of the South,,"1,954",1,0,1,0,0,21,5,15,1,0
,Vanderbilt University,,"14,770",22,0,7,4,11,384,7,333,44,0
TEXAS,Alvin Community College,,"7,327",0,0,0,0,0,0,0,0,0,0
,Angelo State University,,"12,438",1,0,1,0,0,26,0,24,2,0
,Austin College,,"1,242",0,0,0,0,0,0,0,0,0,0
,Austin Community College District,,"56,531",0,0,0,0,0,71,6,57,8,1
,Baylor Health Care System2,,,7,0,3,3,1,332,8,287,37,0
,Brazosport College,,"5,599",0,0,0,0,0,1,0,0,1,0
,Central Texas College,,"16,868",0,0,0,0,0,9,2,7,0,0
,Cisco College,,"4,101",0,0,0,0,0,0,0,0,0,0
,Collin County Community College District,,"48,588",1,0,1,0,0,7,1,6,0,0
,Concordia University,,"2,657",0,0,0,0,0,1,1,0,0,0
,Dallas College,,"102,680",0,0,0,0,0,0,0,0,0,0
,El Paso Community College,,"32,410",0,0,0,0,0,10,0,10,0,0
,Grayson College,,"4,541",1,0,0,0,1,0,0,0,0,0
,Hardin-Simmons University,,"2,067",2,0,2,0,0,20,0,19,1,0
,Houston Community College,,"67,107",5,0,1,0,4,60,0,47,13,0
,Kilgore College,,"6,799",0,0,0,0,0,6,3,3,0,0
,Lamar University,Beaumont,"22,229",7,0,5,0,2,33,8,24,1,0
,Lone Star College System District ,,"102,966",0,0,0,0,0,45,7,33,5,0
,Lubbock Christian University,,"1,829",0,0,0,0,0,3,0,3,0,0
,McLennan Community College,,"11,299",0,0,0,0,0,1,1,0,0,0
,Midwestern State University,,"6,707",2,0,1,0,1,16,2,14,0,0
,Navarro College,,"8,319",2,0,2,0,0,15,1,14,0,0
,Odessa College,,"11,358",0,0,0,0,0,2,0,2,0,0
,Panola College,,"3,634",0,0,0,0,0,1,0,1,0,0
,Paris Junior College,,"6,246",0,0,0,0,0,2,0,2,0,0
,Prairie View A&M University,,"10,246",10,1,7,0,2,75,11,53,11,2
,Rice University,,"8,782",1,0,0,1,0,212,12,125,75,0
,Sam Houston State University,,"24,043",4,0,4,0,0,88,14,68,6,0
,San Jacinto College,Central Campus,"41,689",0,0,0,0,0,25,0,25,0,0
,Southern Methodist University,,"13,610",1,0,0,1,0,182,21,141,20,1
,South Plains College,,"12,020",0,0,0,0,0,0,0,0,0,0
,Southwestern Christian College,,112,0,0,0,0,0,0,0,0,0,0
,Southwestern University,,"1,543",0,0,0,0,0,21,4,17,0,0
,St. Edwards University,,"3,908",0,0,0,0,0,0,0,0,0,0
,Stephen F. Austin State University,,"13,470",2,0,2,0,0,42,2,39,1,0
,St. Mary's University,,"3,646",3,0,2,0,1,48,5,35,8,0
,Sul Ross State University,,"2,560",3,0,2,0,1,10,8,2,0,0
,Tarleton State University,,"16,049",5,0,5,0,0,39,2,36,1,0
,Texas A&M International University,,"10,080",0,0,0,0,0,1,1,0,0,0
,Texas A&M University:,College Station,"77,096",11,0,6,1,4,426,14,311,101,1
,,Commerce,"14,124",2,0,2,0,0,53,5,48,0,0
,,Galveston2,,0,0,0,0,0,0,0,0,0,0
,,San Antonio,"8,127",1,0,1,0,0,7,1,6,0,0
,Texas Christian University,,"12,513",5,0,5,0,0,54,6,46,2,0
,Texas State Technical College:,Harlingen2,,0,0,0,0,0,4,1,3,0,0
,,Sweetwater2,,0,0,0,0,0,1,0,1,0,0
,,Waco,"13,539",0,0,0,0,0,31,4,22,5,1
,Texas State University,San Marcos,"41,900",26,0,10,10,6,168,29,133,6,2
,Texas Tech University,Lubbock,"43,709",20,0,3,1,16,225,9,168,48,0
,Texas Woman's University,,"20,212",4,0,2,0,2,20,0,19,1,0
,Trinity Valley Community College,,"7,732",1,0,1,0,0,1,0,1,0,0
,Tyler Junior College,,"15,974",4,0,1,0,3,27,2,25,0,0
,University of Houston:,Clearlake,"11,375",1,0,0,0,1,22,0,22,0,0
,,Downtown Campus,"18,523",1,0,0,0,1,17,0,16,1,0
,University of North Texas:,Denton,"49,386",9,0,9,0,0,196,13,172,11,0
,,Health Science Center,"2,657",0,0,0,0,0,4,0,4,0,0
,University of St. Thomas ,,"4,329",2,0,0,1,1,20,0,20,0,1
,University of Texas:,Arlington,"56,971",5,0,3,0,2,150,15,131,4,0
,,Austin,"55,143",14,0,3,5,6,558,19,518,21,3
,,Dallas,"32,827",2,0,0,0,2,82,0,78,4,0
,,El Paso,"28,582",1,0,0,0,1,62,12,44,6,1
,,"Health Science Center, San Antonio","4,127",0,0,0,0,0,46,6,39,1,0
,,Houston,"7,334",6,0,0,0,6,247,15,215,17,0
,,Medical Branch,"4,917",3,0,1,1,1,63,2,60,1,0
,,Permian Basin,"6,932",2,0,1,0,1,19,5,8,6,0
,,Rio Grande Valley,"44,498",2,0,2,0,0,59,1,57,1,0
,,San Antonio,"38,907",6,0,3,0,3,159,3,139,17,0
,,Southwestern Medical School,"2,588",4,0,1,0,3,218,1,192,25,1
,,Tyler,"11,703",1,0,0,0,1,22,1,21,0,0
,West Texas A&M University,,"10,993",0,0,0,0,0,23,2,21,0,0
UTAH,Brigham Young University,,"39,321",2,0,1,0,1,109,2,106,1,0
,Dixie State University,,"14,408",0,0,0,0,0,19,1,17,1,0
,Southern Utah University,,"19,907",1,0,1,0,0,29,1,26,2,0
,University of Utah,,"40,039",13,0,6,2,5,278,23,242,13,0
,Utah State University,Logan,"32,943",3,0,1,0,2,40,1,38,1,0
,Utah Valley University,,"53,853",0,0,0,0,0,29,1,28,0,1
VERMONT,University of Vermont,,"15,878",2,0,1,0,1,113,0,112,1,0
VIRGINIA,Christopher Newport University,,"4,771",8,0,5,1,2,61,2,56,3,0
,College of William and Mary,,"10,550",1,0,1,0,0,75,0,75,0,0
,Eastern Virginia Medical School,,"1,445",1,0,0,0,1,39,0,39,0,0
,Emory & Henry College,,"1,534",0,0,0,0,0,2,0,2,0,0
,George Mason University,,"46,892",7,0,2,1,4,92,1,90,1,0
,James Madison University,,"24,028",8,0,3,0,5,103,2,88,13,2
,Laurel Ridge Community College,,"7,611",0,0,0,0,0,0,0,0,0,0
,Norfolk State University,,"6,011",4,0,3,0,1,40,1,36,3,0
,Northern Virginia Community College,,"69,149",0,0,0,0,0,24,1,23,0,1
,Old Dominion University,,"27,417",41,0,4,2,35,199,14,175,10,1
,Radford University,,"9,982",4,0,2,0,2,27,0,26,1,0
,Southwest Virginia Community College,,"2,854",0,0,0,0,0,0,0,0,0,0
,University of Mary Washington,,"4,385",0,0,0,0,0,20,0,20,0,0
,University of Richmond,,"4,412",1,0,1,0,0,43,3,39,1,0
,University of Virginia,,"28,973",8,1,3,2,2,314,3,236,75,2
,Virginia Commonwealth University,,"31,390",15,0,0,5,10,329,5,309,15,2
,Virginia Highlands Community College,,"3,071",0,0,0,0,0,0,0,0,0,0
,Virginia Polytechnic Institute and State University,,"39,462",11,0,6,1,4,299,15,280,4,2
WASHINGTON,Eastern Washington University,,"16,041",1,0,0,0,1,32,10,20,2,0
,University of Washington,,"57,530",12,0,1,4,7,806,81,621,104,2
,Washington State University:,Pullman,"33,249",8,0,5,1,2,88,15,71,2,0
,,Vancouver2,,0,0,0,0,0,2,0,2,0,0
,Western Washington University,,"16,754",6,0,4,1,1,87,7,64,16,2
WEST VIRGINIA,Bridge Valley Technical College2,,,0,0,0,0,0,0,0,0,0,0
,Marshall University,,"12,515",10,0,2,0,8,66,14,52,0,0
,Shepherd University,,"4,855",0,0,0,0,0,4,0,4,0,0
WISCONSIN,Marquette University,,"12,136",58,0,6,17,35,467,51,295,121,1
,University of Wisconsin:,Eau Claire,"11,504",4,0,4,0,0,33,0,33,0,0
,,Green Bay,"11,918",0,0,0,0,0,12,1,11,0,0
,,Madison,"51,296",7,0,1,0,6,273,10,262,1,1
,,Milwaukee,"27,575",4,0,2,1,1,48,14,30,4,0
,,Oshkosh,"16,301",4,0,3,0,1,40,2,37,1,0
,,Platteville,"7,619",0,0,0,0,0,22,2,20,0,1
,,River Falls,"6,138",0,0,0,0,0,16,0,16,0,0
,,Stevens Point,"9,129",3,0,3,0,0,54,1,53,0,1
,,Superior,"3,251",0,0,0,0,0,10,2,8,0,0
,,Whitewater,"13,327",6,0,5,0,1,22,0,22,0,0
WYOMING,University of Wyoming,,"12,873",0,0,0,0,0,69,7,59,3,0
"1 The student enrollment figures provided by the United States Department of Education are for the 2022 school year, the most recent available. The enrollment figures include full-time and part-time students.  ",,,,,,,,,,,,,
2 Student enrollment figures were not available.,,,,,,,,,,,,,
3 Limited data for 2023 were available for Florida.,,,,,,,,,,,,,
"NOTE:  Caution should be exercised in making any intercampus comparisons or ranking schools because university/college crime statistics are affected by a variety of factors. These include demographic characteristics of the surrounding community, ratio of male to female students, number of on-campus residents, accessibility of the campus to outside visitors, size of enrollment, etc. ",,,,,,,,,,,,,